, opt_13b, , , , , , Geomean, , , , , 
, ant, tender, bit, giant, olive, ant, tender, bit, giant, olive, 
Time, 1.00000, 0.91667, 2.63195, 0.50000, 0.97917, 1.00000, 0.91667, 2.63195, 0.50000, 0.97917, , opt_13b, , , , , , Geomean, , , , , 
, ant, tender, bit, giant, olive, ant, tender, bit, giant, olive, 
Static, 0.38732, 0.35504, 1.01941, 0.19366, 0.37925, 0.38732, 0.35504, 1.01941, 0.19366, 0.37925, 
Dram, 0.12939, 0.11866, 0.25880, 0.09721, 0.12671, 0.51671, 0.47371, 1.27821, 0.29087, 0.50596, 
Buffer, 0.23521, 0.22189, 0.46244, 0.17872, 0.23188, 0.75192, 0.69560, 1.74065, 0.46959, 0.73784, 
Core, 0.24808, 0.22741, 1.16351, 0.19301, 0.24291, 1.00000, 0.92300, 2.90416, 0.66260, 0.98075, 
, llama_7b, , , , , , Geomean, , , , , 
, ant, tender, ant, tender, 
Time, 1.00000, 0.93782, 1.00000, 0.93782, , llama_7b, , , , , , Geomean, , , , , 
, ant, tender, ant, tender, 
Static, 0.39774, 0.37301, 0.39774, 0.37301, 
Dram, 0.10759, 0.10143, 0.50533, 0.47444, 
Buffer, 0.23992, 0.22984, 0.74525, 0.70428, 
Core, 0.25475, 0.23891, 1.00000, 0.94319, 
, opt_13b, , , , , , Geomean, , , , , 
, ant, tender, bit, giant, olive, ant, tender, bit, giant, olive, 
Time, 1.00000, 0.91667, 2.63195, 0.50000, 0.97917, 1.00000, 0.91667, 2.63195, 0.50000, 0.97917, , opt_13b, , , , , , Geomean, , , , , 
, ant, tender, bit, giant, olive, ant, tender, bit, giant, olive, 
Static, 0.37470, 0.34348, 0.98619, 0.18735, 0.36689, 0.37470, 0.34348, 0.98619, 0.18735, 0.36689, 
Dram, 0.12517, 0.11480, 0.25037, 0.09404, 0.12258, 0.49988, 0.45827, 1.23656, 0.28139, 0.48947, 
Buffer, 0.22755, 0.21466, 0.44737, 0.17290, 0.22432, 0.72742, 0.67293, 1.68393, 0.45429, 0.71380, 
Core, 0.27258, 0.24986, 1.12560, 0.18673, 0.26690, 1.00000, 0.92280, 2.80953, 0.64101, 0.98070, 
, llama_7b, , , , , , Geomean, , , , , 
, ant, tender, ant, tender, 
Time, 1.00000, 0.93782, 1.00000, 0.93782, , llama_7b, , , , , , Geomean, , , , , 
, ant, tender, ant, tender, 
Static, 0.39774, 0.37301, 0.39774, 0.37301, 
Dram, 0.10759, 0.10143, 0.50533, 0.47444, 
Buffer, 0.23992, 0.22984, 0.74525, 0.70428, 
Core, 0.25475, 0.23891, 1.00000, 0.94319, 
, llama_7b, , , , , , Geomean, , , , , 
, ant, tender, ant, tender, 
Time, 1.00000, 0.87565, 1.00000, 0.87565, , llama_7b, , , , , , Geomean, , , , , 
, ant, tender, ant, tender, 
Static, 0.39774, 0.34828, 0.39774, 0.34828, 
Dram, 0.10759, 0.09526, 0.50533, 0.44354, 
Buffer, 0.23992, 0.21977, 0.74525, 0.66331, 
Core, 0.25475, 0.22307, 1.00000, 0.88638, 
, llama_7b, , , , , , Geomean, , , , , 
, ant, tender, giant, ant, tender, giant, 
Time, 1.00000, 0.87565, 0.00065, 1.00000, 0.87565, 0.00065, , llama_7b, , , , , , Geomean, , , , , 
, ant, tender, giant, ant, tender, giant, 
Static, 0.39774, 0.34828, 0.00026, 0.39774, 0.34828, 0.00026, 
Dram, 0.10759, 0.09526, 0.00004, 0.50533, 0.44354, 0.00030, 
Buffer, 0.23992, 0.21977, 0.00001, 0.74525, 0.66331, 0.00031, 
Core, 0.25475, 0.22307, 0.00026, 1.00000, 0.88638, 0.00057, 
, llama_7b, , , , , , Geomean, , , , , 
, ant, tender, giant, ant, tender, giant, 
Time, 1.00000, 0.87565, 0.00032, 1.00000, 0.87565, 0.00032, , llama_7b, , , , , , Geomean, , , , , 
, ant, tender, giant, ant, tender, giant, 
Static, 0.39774, 0.34828, 0.00013, 0.39774, 0.34828, 0.00013, 
Dram, 0.10759, 0.09526, 0.00002, 0.50533, 0.44354, 0.00015, 
Buffer, 0.23992, 0.21977, 0.00000, 0.74525, 0.66331, 0.00016, 
Core, 0.25475, 0.22307, 0.00013, 1.00000, 0.88638, 0.00028, 
, llama_7b, , , , , , Geomean, , , , , 
, ant, tender, giant, ant, tender, giant, 
Time, 1.00000, 0.87565, 0.00032, 1.00000, 0.87565, 0.00032, , llama_7b, , , , , , Geomean, , , , , 
, ant, tender, giant, ant, tender, giant, 
Static, 0.39774, 0.34828, 0.00013, 0.39774, 0.34828, 0.00013, 
Dram, 0.10759, 0.09526, 0.00002, 0.50533, 0.44354, 0.00015, 
Buffer, 0.23992, 0.21977, 0.00000, 0.74525, 0.66331, 0.00016, 
Core, 0.25475, 0.22307, 0.00013, 1.00000, 0.88638, 0.00028, 
, llama_7b, , , , , , Geomean, , , , , 
, ant, tender, giant, ant, tender, giant, 
Time, 1.00000, 0.87565, 0.02073, 1.00000, 0.87565, 0.02073, , llama_7b, , , , , , Geomean, , , , , 
, ant, tender, giant, ant, tender, giant, 
Static, 0.39774, 0.34828, 0.00824, 0.39774, 0.34828, 0.00824, 
Dram, 0.10759, 0.09526, 0.00279, 0.50533, 0.44354, 0.01104, 
Buffer, 0.23992, 0.21977, 0.00752, 0.74525, 0.66331, 0.01856, 
Core, 0.25475, 0.22307, 0.00822, 1.00000, 0.88638, 0.02677, 
, llama_7b, , , , , , Geomean, , , , , 
, ant, tender, giant, ant, tender, giant, 
Time, 1.00000, 0.87565, 0.02073, 1.00000, 0.87565, 0.02073, , llama_7b, , , , , , Geomean, , , , , 
, ant, tender, giant, ant, tender, giant, 
Static, 0.39774, 0.34828, 0.00824, 0.39774, 0.34828, 0.00824, 
Dram, 0.10759, 0.09526, 0.00216, 0.50533, 0.44354, 0.01040, 
Buffer, 0.23992, 0.21977, 0.00748, 0.74525, 0.66331, 0.01788, 
Core, 0.25475, 0.22307, 0.00822, 1.00000, 0.88638, 0.02610, 
, llama_7b, , , , , , Geomean, , , , , 
, ant, tender, giant, ant, tender, giant, 
Time, 1.00000, 3.50259, 0.08290, 1.00000, 3.50259, 0.08290, , llama_7b, , , , , , Geomean, , , , , 
, ant, tender, giant, ant, tender, giant, 
Static, 0.39774, 1.39311, 0.03297, 0.39774, 1.39311, 0.03297, 
Dram, 0.10759, 0.69130, 0.01884, 0.50533, 2.08441, 0.05181, 
Buffer, 0.23992, 0.87645, 0.02951, 0.74525, 2.96086, 0.08132, 
Core, 0.25475, 0.89229, 0.03286, 1.00000, 3.85315, 0.11419, 
, llama_7b, , , , , , Geomean, , , , , 
, ant, tender, giant, ant, tender, giant, 
Time, 1.00000, 3.50259, 0.33161, 1.00000, 3.50259, 0.33161, , llama_7b, , , , , , Geomean, , , , , 
, ant, tender, giant, ant, tender, giant, 
Static, 0.39774, 1.39311, 0.13189, 0.39774, 1.39311, 0.13189, 
Dram, 0.10759, 0.69130, 0.06617, 0.50533, 2.08441, 0.19807, 
Buffer, 0.23992, 0.87645, 0.12172, 0.74525, 2.96086, 0.31978, 
Core, 0.25475, 0.89229, 0.13145, 1.00000, 3.85315, 0.45123, 
, llama_7b, , , , , , Geomean, , , , , 
, ant, tender, giant, ant, tender, giant, 
Time, 1.00000, 3.50259, 0.33161, 1.00000, 3.50259, 0.33161, , llama_7b, , , , , , Geomean, , , , , 
, ant, tender, giant, ant, tender, giant, 
Static, 0.39774, 1.39311, 0.13189, 0.39774, 1.39311, 0.13189, 
Dram, 0.10759, 0.69130, 0.04467, 0.50533, 2.08441, 0.17656, 
Buffer, 0.23992, 0.87645, 0.12034, 0.74525, 2.96086, 0.29690, 
Core, 0.25475, 0.89229, 0.13145, 1.00000, 3.85315, 0.42835, 
, llama_7b, , , , , , Geomean, , , , , 
, ant, tender, giant, ant, tender, giant, 
Time, 1.00000, 14.01036, 5.30570, 1.00000, 14.01036, 5.30570, , llama_7b, , , , , , Geomean, , , , , 
, ant, tender, giant, ant, tender, giant, 
Static, 0.39774, 5.57244, 2.11027, 0.39774, 5.57244, 2.11027, 
Dram, 0.10759, 2.76520, 0.71475, 0.50533, 8.33764, 2.82502, 
Buffer, 0.23992, 3.50579, 1.92539, 0.74525, 11.84343, 4.75042, 
Core, 0.25475, 3.56915, 2.10323, 1.00000, 15.41258, 6.85365, 
, llama_7b, , , , , , Geomean, , , , , 
, ant, tender, giant, ant, tender, giant, 
Time, 1.00000, 14.01036, 5.30570, 1.00000, 14.01036, 5.30570, , llama_7b, , , , , , Geomean, , , , , 
, ant, tender, giant, ant, tender, giant, 
Static, 0.39774, 5.57244, 2.11027, 0.39774, 5.57244, 2.11027, 
Dram, 0.10759, 2.76520, 1.05378, 0.50533, 8.33764, 3.16406, 
Buffer, 0.23992, 3.50579, 1.94740, 0.74525, 11.84343, 5.11146, 
Core, 0.25475, 3.56915, 2.10323, 1.00000, 15.41258, 7.21469, 
, llama_7b, , , , , , Geomean, , , , , 
, ant, tender, giant, ant, tender, giant, 
Time, 1.00000, 56.04143, 84.89116, 1.00000, 56.04143, 84.89116, , llama_7b, , , , , , Geomean, , , , , 
, ant, tender, giant, ant, tender, giant, 
Static, 0.39774, 22.28976, 33.76437, 0.39774, 22.28976, 33.76437, 
Dram, 0.10759, 11.05550, 16.84054, 0.50533, 33.34526, 50.60491, 
Buffer, 0.23992, 14.03264, 31.15812, 0.74525, 47.37790, 81.76303, 
Core, 0.25475, 14.27659, 33.65173, 1.00000, 61.65449, 115.41477, 
, llama_7b, , , , , , Geomean, , , , , 
, ant, giant, bit, ant, giant, bit, 
Time, 1.00000, 0.00781, 0.02122, 1.00000, 0.00781, 0.02122, , llama_7b, , , , , , Geomean, , , , , 
, ant, giant, bit, ant, giant, bit, 
Static, 0.39774, 0.00311, 0.00844, 0.39774, 0.00311, 0.00844, 
Dram, 0.10759, 0.00052, 0.00207, 0.50533, 0.00362, 0.01051, 
Buffer, 0.23992, 0.00012, 0.00036, 0.74525, 0.00374, 0.01086, 
Core, 0.25475, 0.00310, 0.00963, 1.00000, 0.00684, 0.02049, 
, llama_7b, , , , , , Geomean, , , , , 
, ant, giant, bit, ant, giant, bit, 
Time, 1.00000, 0.00098, 0.00265, 1.00000, 0.00098, 0.00265, , llama_7b, , , , , , Geomean, , , , , 
, ant, giant, bit, ant, giant, bit, 
Static, 0.36230, 0.00035, 0.00096, 0.36230, 0.00035, 0.00096, 
Dram, 0.18786, 0.00006, 0.00043, 0.55016, 0.00041, 0.00139, 
Buffer, 0.21779, 0.00008, 0.00024, 0.76794, 0.00049, 0.00163, 
Core, 0.23206, 0.00035, 0.00110, 1.00000, 0.00085, 0.00272, 
, llama_7b, , , , , , Geomean, , , , , 
, ant, giant, bit, ant, giant, bit, 
Time, 1.00000, 0.00024, 0.00133, 1.00000, 0.00024, 0.00133, , llama_7b, , , , , , Geomean, , , , , 
, ant, giant, bit, ant, giant, bit, 
Static, 0.36226, 0.00009, 0.00048, 0.36226, 0.00009, 0.00048, 
Dram, 0.18768, 0.00003, 0.00012, 0.54994, 0.00012, 0.00060, 
Buffer, 0.21803, 0.00008, 0.00021, 0.76797, 0.00020, 0.00082, 
Core, 0.23203, 0.00009, 0.00055, 1.00000, 0.00029, 0.00137, 
, llama_7b, , , , , , Geomean, , , , , 
, ant, giant, bit, ant, giant, bit, 
Time, 1.00000, 0.00024, 0.00133, 1.00000, 0.00024, 0.00133, , llama_7b, , , , , , Geomean, , , , , 
, ant, giant, bit, ant, giant, bit, 
Static, 0.36226, 0.00009, 0.00048, 0.36226, 0.00009, 0.00048, 
Dram, 0.18768, 0.00003, 0.00012, 0.54994, 0.00012, 0.00060, 
Buffer, 0.21803, 0.00008, 0.00021, 0.76797, 0.00020, 0.00082, 
Core, 0.23203, 0.00009, 0.00055, 1.00000, 0.00029, 0.00137, 
, llama_7b, , , , , , Geomean, , , , , 
, ant, giant, bit, ant, giant, bit, 
Time, 1.00000, 0.00781, 0.02122, 1.00000, 0.00781, 0.02122, , llama_7b, , , , , , Geomean, , , , , 
, ant, giant, bit, ant, giant, bit, 
Static, 0.39774, 0.00311, 0.00844, 0.39774, 0.00311, 0.00844, 
Dram, 0.10759, 0.00052, 0.00207, 0.50533, 0.00362, 0.01051, 
Buffer, 0.23992, 0.00012, 0.00036, 0.74525, 0.00374, 0.01086, 
Core, 0.25475, 0.00310, 0.00963, 1.00000, 0.00684, 0.02049, 
, llama_7b, , , , , , Geomean, , , , , 
, ant, giant, bit, ant, giant, bit, 
Time, 1.00000, 0.00098, 0.00265, 1.00000, 0.00098, 0.00265, , llama_7b, , , , , , Geomean, , , , , 
, ant, giant, bit, ant, giant, bit, 
Static, 0.36230, 0.00035, 0.00096, 0.36230, 0.00035, 0.00096, 
Dram, 0.18786, 0.00006, 0.00043, 0.55016, 0.00041, 0.00139, 
Buffer, 0.21779, 0.00008, 0.00024, 0.76794, 0.00049, 0.00163, 
Core, 0.23206, 0.00035, 0.00110, 1.00000, 0.00085, 0.00272, 
, llama_7b, , , , , , Geomean, , , , , 
, ant, giant, bit, ant, giant, bit, 
Time, 1.00000, 0.00024, 0.00133, 1.00000, 0.00024, 0.00133, , llama_7b, , , , , , Geomean, , , , , 
, ant, giant, bit, ant, giant, bit, 
Static, 0.36226, 0.00009, 0.00048, 0.36226, 0.00009, 0.00048, 
Dram, 0.18768, 0.00003, 0.00012, 0.54994, 0.00012, 0.00060, 
Buffer, 0.21803, 0.00008, 0.00021, 0.76797, 0.00020, 0.00082, 
Core, 0.23203, 0.00009, 0.00055, 1.00000, 0.00029, 0.00137, 
, llama_7b, , , , , , Geomean, , , , , 
, ant, giant, bit, ant, giant, bit, 
Time, 1.00000, 0.00024, 0.00049, 1.00000, 0.00024, 0.00049, , llama_7b, , , , , , Geomean, , , , , 
, ant, giant, bit, ant, giant, bit, 
Static, 0.36226, 0.00009, 0.00018, 0.36226, 0.00009, 0.00018, 
Dram, 0.18768, 0.00003, 0.00009, 0.54994, 0.00012, 0.00027, 
Buffer, 0.21803, 0.00008, 0.00021, 0.76797, 0.00020, 0.00048, 
Core, 0.23203, 0.00009, 0.00054, 1.00000, 0.00029, 0.00101, 
, llama_7b, , , , , , Geomean, , , , , 
, ant, giant, bit, ant, giant, bit, 
Time, 1.00000, 0.00781, 0.01563, 1.00000, 0.00781, 0.01563, , llama_7b, , , , , , Geomean, , , , , 
, ant, giant, bit, ant, giant, bit, 
Static, 0.39774, 0.00311, 0.00622, 0.39774, 0.00311, 0.00622, 
Dram, 0.10759, 0.00052, 0.00207, 0.50533, 0.00362, 0.00828, 
Buffer, 0.23992, 0.00012, 0.00035, 0.74525, 0.00374, 0.00864, 
Core, 0.25475, 0.00310, 0.01892, 1.00000, 0.00684, 0.02755, 
, llama_7b, , , , , , Geomean, , , , , 
, ant, giant, bit, ant, giant, bit, 
Time, 1.00000, 0.00781, 0.00782, 1.00000, 0.00781, 0.00782, , llama_7b, , , , , , Geomean, , , , , 
, ant, giant, bit, ant, giant, bit, 
Static, 0.39774, 0.00311, 0.00311, 0.39774, 0.00311, 0.00311, 
Dram, 0.10759, 0.00052, 0.00207, 0.50533, 0.00362, 0.00518, 
Buffer, 0.23992, 0.00012, 0.00035, 0.74525, 0.00374, 0.00553, 
Core, 0.25475, 0.00310, 0.03783, 1.00000, 0.00684, 0.04336, 
, llama_7b, , , , , , Geomean, , , , , 
, ant, giant, bit, ant, giant, bit, 
Time, 1.00000, 0.00781, 0.01563, 1.00000, 0.00781, 0.01563, , llama_7b, , , , , , Geomean, , , , , 
, ant, giant, bit, ant, giant, bit, 
Static, 0.39774, 0.00311, 0.00622, 0.39774, 0.00311, 0.00622, 
Dram, 0.10759, 0.00052, 0.00207, 0.50533, 0.00362, 0.00828, 
Buffer, 0.23992, 0.00012, 0.00035, 0.74525, 0.00374, 0.00864, 
Core, 0.25475, 0.00310, 0.01892, 1.00000, 0.00684, 0.02755, 
, llama_7b, , , , , , Geomean, , , , , 
, ant, giant, bit, ant, giant, bit, 
Time, 1.00000, 0.00781, 0.01563, 1.00000, 0.00781, 0.01563, , llama_7b, , , , , , Geomean, , , , , 
, ant, giant, bit, ant, giant, bit, 
Static, 0.39774, 0.00311, 0.00622, 0.39774, 0.00311, 0.00622, 
Dram, 0.10759, 0.00052, 0.00207, 0.50533, 0.00362, 0.00828, 
Buffer, 0.23992, 0.00012, 0.00035, 0.74525, 0.00374, 0.00864, 
Core, 0.25475, 0.00310, 0.01892, 1.00000, 0.00684, 0.02755, 
, llama_7b, , , , , , Geomean, , , , , 
, ant, giant, bit, ant, giant, bit, 
Time, 1.00000, 0.00781, 0.00782, 1.00000, 0.00781, 0.00782, , llama_7b, , , , , , Geomean, , , , , 
, ant, giant, bit, ant, giant, bit, 
Static, 0.39774, 0.00311, 0.00311, 0.39774, 0.00311, 0.00311, 
Dram, 0.10759, 0.00052, 0.00207, 0.50533, 0.00362, 0.00518, 
Buffer, 0.23992, 0.00012, 0.00035, 0.74525, 0.00374, 0.00553, 
Core, 0.25475, 0.00310, 0.03783, 1.00000, 0.00684, 0.04336, 
, llama_7b, , , , , , Geomean, , , , , 
, ant, giant, bit, ant, giant, bit, 
Time, 1.00000, 0.00781, 0.00782, 1.00000, 0.00781, 0.00782, , llama_7b, , , , , , Geomean, , , , , 
, ant, giant, bit, ant, giant, bit, 
Static, 0.39774, 0.00311, 0.00311, 0.39774, 0.00311, 0.00311, 
Dram, 0.10759, 0.00052, 0.00207, 0.50533, 0.00362, 0.00518, 
Buffer, 0.23992, 0.00012, 0.00035, 0.74525, 0.00374, 0.00553, 
Core, 0.25475, 0.00310, 0.03783, 1.00000, 0.00684, 0.04336, 
, llama_7b, , , , , , Geomean, , , , , 
, ant, giant, bit, ant, giant, bit, 
Time, 1.00000, 0.00781, 0.06252, 1.00000, 0.00781, 0.06252, , llama_7b, , , , , , Geomean, , , , , 
, ant, giant, bit, ant, giant, bit, 
Static, 0.39774, 0.00311, 0.02487, 0.39774, 0.00311, 0.02487, 
Dram, 0.10759, 0.00052, 0.00207, 0.50533, 0.00362, 0.02693, 
Buffer, 0.23992, 0.00012, 0.00035, 0.74525, 0.00374, 0.02729, 
Core, 0.25475, 0.00310, 0.08827, 1.00000, 0.00684, 0.11555, 
, llama_7b, , , , , , Geomean, , , , , 
, ant, giant, bit, ant, giant, bit, 
Time, 1.00000, 0.00781, 0.06252, 1.00000, 0.00781, 0.06252, , llama_7b, , , , , , Geomean, , , , , 
, ant, giant, bit, ant, giant, bit, 
Static, 0.39774, 0.00311, 0.02487, 0.39774, 0.00311, 0.02487, 
Dram, 0.10759, 0.00052, 0.00207, 0.50533, 0.00362, 0.02693, 
Buffer, 0.23992, 0.00012, 0.00035, 0.74525, 0.00374, 0.02729, 
Core, 0.25475, 0.00310, 0.02972, 1.00000, 0.00684, 0.05701, 
, llama_7b, , , , , , Geomean, , , , , 
, ant, giant, bit, ant, giant, bit, 
Time, 1.00000, 0.01564, 0.06252, 1.00000, 0.01564, 0.06252, , llama_7b, , , , , , Geomean, , , , , 
, ant, giant, bit, ant, giant, bit, 
Static, 0.39774, 0.00622, 0.02487, 0.39774, 0.00622, 0.02487, 
Dram, 0.10759, 0.00052, 0.00207, 0.50533, 0.00674, 0.02693, 
Buffer, 0.23992, 0.00012, 0.00035, 0.74525, 0.00686, 0.02729, 
Core, 0.25475, 0.00336, 0.02972, 1.00000, 0.01021, 0.05701, 
, llama_7b, , , , , , Geomean, , , , , 
, ant, giant, bit, ant, giant, bit, 
Time, 1.00000, 0.01564, 0.01564, 1.00000, 0.01564, 0.01564, , llama_7b, , , , , , Geomean, , , , , 
, ant, giant, bit, ant, giant, bit, 
Static, 0.39774, 0.00622, 0.00622, 0.39774, 0.00622, 0.00622, 
Dram, 0.10759, 0.00052, 0.00052, 0.50533, 0.00674, 0.00674, 
Buffer, 0.23992, 0.00012, 0.00009, 0.74525, 0.00686, 0.00683, 
Core, 0.25475, 0.00336, 0.00743, 1.00000, 0.01021, 0.01426, 
, llama_7b, , , , , , Geomean, , , , , 
, ant, giant, bit, ant, giant, bit, 
Time, 1.00000, 0.01564, 0.01564, 1.00000, 0.01564, 0.01564, , llama_7b, , , , , , Geomean, , , , , 
, ant, giant, bit, ant, giant, bit, 
Static, 0.39774, 0.00622, 0.00622, 0.39774, 0.00622, 0.00622, 
Dram, 0.10759, 0.00052, 0.00052, 0.50533, 0.00674, 0.00674, 
Buffer, 0.23992, 0.00012, 0.00009, 0.74525, 0.00686, 0.00683, 
Core, 0.25475, 0.00336, 0.00406, 1.00000, 0.01021, 0.01089, 
, llama_7b, , , , , , Geomean, , , , , 
, ant, giant, bit, ant, giant, bit, 
Time, 1.00000, 0.00781, 0.00543, 1.00000, 0.00781, 0.00543, , llama_7b, , , , , , Geomean, , , , , 
, ant, giant, bit, ant, giant, bit, 
Static, 0.39774, 0.00311, 0.00216, 0.39774, 0.00311, 0.00216, 
Dram, 0.10759, 0.00052, 0.00052, 0.50533, 0.00362, 0.00268, 
Buffer, 0.23992, 0.00012, 0.00009, 0.74525, 0.00374, 0.00277, 
Core, 0.25475, 0.00310, 0.00246, 1.00000, 0.00684, 0.00524, 
, llama_7b, , , , , , Geomean, , , , , 
, ant, giant, bit, ant, giant, bit, 
Time, 1.00000, 0.00781, 0.02122, 1.00000, 0.00781, 0.02122, , llama_7b, , , , , , Geomean, , , , , 
, ant, giant, bit, ant, giant, bit, 
Static, 0.39774, 0.00311, 0.00844, 0.39774, 0.00311, 0.00844, 
Dram, 0.10759, 0.00052, 0.00207, 0.50533, 0.00362, 0.01051, 
Buffer, 0.23992, 0.00012, 0.00036, 0.74525, 0.00374, 0.01086, 
Core, 0.25475, 0.00310, 0.00963, 1.00000, 0.00684, 0.02049, 
, llama_7b, , , , , , Geomean, , , , , 
, ant, giant, bit, ant, giant, bit, 
Time, 1.00000, 0.01564, 0.06252, 1.00000, 0.01564, 0.06252, , llama_7b, , , , , , Geomean, , , , , 
, ant, giant, bit, ant, giant, bit, 
Static, 0.39774, 0.00622, 0.02487, 0.39774, 0.00622, 0.02487, 
Dram, 0.10759, 0.00052, 0.00207, 0.50533, 0.00674, 0.02693, 
Buffer, 0.23992, 0.00012, 0.00035, 0.74525, 0.00686, 0.02729, 
Core, 0.25475, 0.00336, 0.01625, 1.00000, 0.01021, 0.04354, 
, llama_7b, , , , , , Geomean, , , , , 
, ant, giant, awq, ant, giant, awq, 
Time, 1.00000, 0.01564, 0.01563, 1.00000, 0.01564, 0.01563, , llama_7b, , , , , , Geomean, , , , , 
, ant, giant, awq, ant, giant, awq, 
Static, 0.39774, 0.00622, 0.00622, 0.39774, 0.00622, 0.00622, 
Dram, 0.10759, 0.00052, 0.00207, 0.50533, 0.00674, 0.00828, 
Buffer, 0.23992, 0.00012, 0.00035, 0.74525, 0.00686, 0.00864, 
Core, 0.25475, 0.00336, 0.01892, 1.00000, 0.01021, 0.02755, 
, llama_7b, , , , , , Geomean, , , , , 
, ant, giant, awq, ant, giant, awq, 
Time, 1.00000, 0.00781, 0.01563, 1.00000, 0.00781, 0.01563, , llama_7b, , , , , , Geomean, , , , , 
, ant, giant, awq, ant, giant, awq, 
Static, 0.39774, 0.00311, 0.00622, 0.39774, 0.00311, 0.00622, 
Dram, 0.10759, 0.00052, 0.00207, 0.50533, 0.00362, 0.00828, 
Buffer, 0.23992, 0.00012, 0.00035, 0.74525, 0.00374, 0.00864, 
Core, 0.25475, 0.00310, 0.01892, 1.00000, 0.00684, 0.02755, 
, llama_7b, , , , , , Geomean, , , , , 
, ant, giant, awq, ant, giant, awq, 
Time, 1.00000, 0.00024, 0.00049, 1.00000, 0.00024, 0.00049, , llama_7b, , , , , , Geomean, , , , , 
, ant, giant, awq, ant, giant, awq, 
Static, 0.36226, 0.00009, 0.00018, 0.36226, 0.00009, 0.00018, 
Dram, 0.18768, 0.00003, 0.00009, 0.54994, 0.00012, 0.00027, 
Buffer, 0.21803, 0.00008, 0.00021, 0.76797, 0.00020, 0.00048, 
Core, 0.23203, 0.00009, 0.00054, 1.00000, 0.00029, 0.00101, 
, llama_7b, , , , , , Geomean, , , , , 
, ant, giant, awq, ant, giant, awq, 
Time, 1.00000, 0.00024, 0.00049, 1.00000, 0.00024, 0.00049, , llama_7b, , , , , , Geomean, , , , , 
, ant, giant, awq, ant, giant, awq, 
Static, 0.36226, 0.00009, 0.00018, 0.36226, 0.00009, 0.00018, 
Dram, 0.18768, 0.00003, 0.00009, 0.54994, 0.00012, 0.00027, 
Buffer, 0.21803, 0.00008, 0.00021, 0.76797, 0.00020, 0.00048, 
Core, 0.23203, 0.00009, 0.00035, 1.00000, 0.00029, 0.00083, 
, llama_7b, , , , , , Geomean, , , , , 
, ant, giant, awq, ant, giant, awq, 
Time, 1.00000, 0.00024, 0.00049, 1.00000, 0.00024, 0.00049, , llama_7b, , , , , , Geomean, , , , , 
, ant, giant, awq, ant, giant, awq, 
Static, 0.36226, 0.00009, 0.00018, 0.36226, 0.00009, 0.00018, 
Dram, 0.18768, 0.00001, 0.00001, 0.54994, 0.00009, 0.00019, 
Buffer, 0.21803, 0.00008, 0.00021, 0.76797, 0.00017, 0.00039, 
Core, 0.23203, 0.00009, 0.00035, 1.00000, 0.00026, 0.00075, 
, llama_7b, , , , , , Geomean, , , , , 
, ant, giant, awq, ant, giant, awq, 
Time, 1.00000, 0.01564, 0.06252, 1.00000, 0.01564, 0.06252, , llama_7b, , , , , , Geomean, , , , , 
, ant, giant, awq, ant, giant, awq, 
Static, 0.39774, 0.00622, 0.02487, 0.39774, 0.00622, 0.02487, 
Dram, 0.10759, 0.00052, 0.00207, 0.50533, 0.00674, 0.02693, 
Buffer, 0.23992, 0.00012, 0.00035, 0.74525, 0.00686, 0.02729, 
Core, 0.25475, 0.00336, 0.01328, 1.00000, 0.01021, 0.04057, 
, llama_7b, , , , , , Geomean, , , , , 
, ant, giant, awq, ant, giant, awq, 
Time, 1.00000, 0.01564, 0.01564, 1.00000, 0.01564, 0.01564, , llama_7b, , , , , , Geomean, , , , , 
, ant, giant, awq, ant, giant, awq, 
Static, 0.39774, 0.00622, 0.00622, 0.39774, 0.00622, 0.00622, 
Dram, 0.10759, 0.00052, 0.00052, 0.50533, 0.00674, 0.00674, 
Buffer, 0.23992, 0.00012, 0.00009, 0.74525, 0.00686, 0.00683, 
Core, 0.25475, 0.00336, 0.01235, 1.00000, 0.01021, 0.01917, 
, llama_7b, , , , , , Geomean, , , , , 
, ant, giant, awq, ant, giant, awq, 
Time, 1.00000, 0.01564, 0.06252, 1.00000, 0.01564, 0.06252, , llama_7b, , , , , , Geomean, , , , , 
, ant, giant, awq, ant, giant, awq, 
Static, 0.39774, 0.00622, 0.02487, 0.39774, 0.00622, 0.02487, 
Dram, 0.10759, 0.00052, 0.00207, 0.50533, 0.00674, 0.02693, 
Buffer, 0.23992, 0.00012, 0.00035, 0.74525, 0.00686, 0.02729, 
Core, 0.25475, 0.00336, 0.01328, 1.00000, 0.01021, 0.04057, 
, llama_7b, , , , , , Geomean, , , , , 
, ant, giant, awq, ant, giant, awq, 
Time, 1.00000, 0.01564, 0.01564, 1.00000, 0.01564, 0.01564, , llama_7b, , , , , , Geomean, , , , , 
, ant, giant, awq, ant, giant, awq, 
Static, 0.39774, 0.00622, 0.00622, 0.39774, 0.00622, 0.00622, 
Dram, 0.10759, 0.00052, 0.00052, 0.50533, 0.00674, 0.00674, 
Buffer, 0.23992, 0.00012, 0.00009, 0.74525, 0.00686, 0.00683, 
Core, 0.25475, 0.00336, 0.01235, 1.00000, 0.01021, 0.01917, 
, llama_7b, , , , , , Geomean, , , , , 
, ant, giant, awq, ant, giant, awq, 
Time, 1.00000, 0.01564, 0.01565, 1.00000, 0.01564, 0.01565, , llama_7b, , , , , , Geomean, , , , , 
, ant, giant, awq, ant, giant, awq, 
Static, 0.39774, 0.00622, 0.00622, 0.39774, 0.00622, 0.00622, 
Dram, 0.10759, 0.00052, 0.00052, 0.50533, 0.00674, 0.00674, 
Buffer, 0.23992, 0.00012, 0.00017, 0.74525, 0.00686, 0.00692, 
Core, 0.25475, 0.00336, 0.01235, 1.00000, 0.01021, 0.01926, 
, llama_7b, , , , , , Geomean, , , , , 
, ant, giant, awq, ant, giant, awq, 
Time, 1.00000, 0.01564, 0.01565, 1.00000, 0.01564, 0.01565, , llama_7b, , , , , , Geomean, , , , , 
, ant, giant, awq, ant, giant, awq, 
Static, 0.39774, 0.00622, 0.00622, 0.39774, 0.00622, 0.00622, 
Dram, 0.10759, 0.00052, 0.00052, 0.50533, 0.00674, 0.00674, 
Buffer, 0.23992, 0.00012, 0.00017, 0.74525, 0.00686, 0.00692, 
Core, 0.25475, 0.00336, 0.01235, 1.00000, 0.01021, 0.01926, 
, llama_7b, , , , , , Geomean, , , , , 
, ant, giant, awq, ant, giant, awq, 
Time, 1.00000, 0.00197, 0.00198, 1.00000, 0.00197, 0.00198, , llama_7b, , , , , , Geomean, , , , , 
, ant, giant, awq, ant, giant, awq, 
Static, 0.36230, 0.00071, 0.00072, 0.36230, 0.00071, 0.00072, 
Dram, 0.18786, 0.00006, 0.00006, 0.55016, 0.00077, 0.00078, 
Buffer, 0.21779, 0.00008, 0.00013, 0.76794, 0.00085, 0.00091, 
Core, 0.23206, 0.00038, 0.00141, 1.00000, 0.00124, 0.00231, 
, llama_7b, , , , , , Geomean, , , , , 
, ant, giant, awq, ant, giant, awq, 
Time, 1.00000, 0.00098, 0.00195, 1.00000, 0.00098, 0.00195, , llama_7b, , , , , , Geomean, , , , , 
, ant, giant, awq, ant, giant, awq, 
Static, 0.36230, 0.00035, 0.00071, 0.36230, 0.00035, 0.00071, 
Dram, 0.18786, 0.00006, 0.00030, 0.55016, 0.00041, 0.00101, 
Buffer, 0.21779, 0.00008, 0.00016, 0.76794, 0.00049, 0.00116, 
Core, 0.23206, 0.00035, 0.00141, 1.00000, 0.00085, 0.00257, 
, llama_7b, , , , , , Geomean, , , , , 
, ant, giant, awq, ant, giant, awq, 
Time, 1.00000, 0.00098, 0.00195, 1.00000, 0.00098, 0.00195, , llama_7b, , , , , , Geomean, , , , , 
, ant, giant, awq, ant, giant, awq, 
Static, 0.36230, 0.00035, 0.00071, 0.36230, 0.00035, 0.00071, 
Dram, 0.18786, 0.00084, 0.00030, 0.55016, 0.00119, 0.00101, 
Buffer, 0.21779, 0.00014, 0.00016, 0.76794, 0.00133, 0.00116, 
Core, 0.23206, 0.00035, 0.00141, 1.00000, 0.00169, 0.00257, 
, llama_7b, , , , , , Geomean, , , , , 
, ant, giant, awq, ant, giant, awq, 
Time, 1.00000, 0.01577, 0.00195, 1.00000, 0.01577, 0.00195, , llama_7b, , , , , , Geomean, , , , , 
, ant, giant, awq, ant, giant, awq, 
Static, 0.36230, 0.00571, 0.00071, 0.36230, 0.00571, 0.00071, 
Dram, 0.18786, 0.00006, 0.00030, 0.55016, 0.00577, 0.00101, 
Buffer, 0.21779, 0.00008, 0.00016, 0.76794, 0.00585, 0.00116, 
Core, 0.23206, 0.00080, 0.00141, 1.00000, 0.00666, 0.00257, 
, llama_7b, , , , , , Geomean, , , , , 
, ant, giant, awq, ant, giant, awq, 
Time, 1.00000, 0.00098, 0.00195, 1.00000, 0.00098, 0.00195, , llama_7b, , , , , , Geomean, , , , , 
, ant, giant, awq, ant, giant, awq, 
Static, 0.36230, 0.00035, 0.00071, 0.36230, 0.00035, 0.00071, 
Dram, 0.18786, 0.00006, 0.00030, 0.55016, 0.00041, 0.00101, 
Buffer, 0.21779, 0.00008, 0.00016, 0.76794, 0.00049, 0.00116, 
Core, 0.23206, 0.00035, 0.00141, 1.00000, 0.00085, 0.00257, 
, llama_7b, , , , , , Geomean, , , , , 
, ant, giant, awq, ant, giant, awq, 
Time, 1.00000, 0.00024, 0.00049, 1.00000, 0.00024, 0.00049, , llama_7b, , , , , , Geomean, , , , , 
, ant, giant, awq, ant, giant, awq, 
Static, 0.36226, 0.00009, 0.00018, 0.36226, 0.00009, 0.00018, 
Dram, 0.18768, 0.00003, 0.00007, 0.54994, 0.00012, 0.00025, 
Buffer, 0.21803, 0.00008, 0.00013, 0.76797, 0.00020, 0.00038, 
Core, 0.23203, 0.00009, 0.00035, 1.00000, 0.00029, 0.00073, 
, llama_7b, , , , , , Geomean, , , , , 
, ant, giant, awq, ant, giant, awq, 
Time, 1.00000, 0.50000, 1.00000, 1.00000, 0.50000, 1.00000, , llama_7b, , , , , , Geomean, , , , , 
, ant, giant, awq, ant, giant, awq, 
Static, 0.36226, 0.18113, 0.36226, 0.36226, 0.18113, 0.36226, 
Dram, 0.18768, 0.06790, 0.14282, 0.54994, 0.24903, 0.50508, 
Buffer, 0.21803, 0.16568, 0.27360, 0.76797, 0.41471, 0.77868, 
Core, 0.23203, 0.18053, 0.71961, 1.00000, 0.59524, 1.49829, 
, llama_7b, , , , , , Geomean, , , , , 
, ant, giant, awq, ant, giant, awq, 
Time, 1.00000, 0.00049, 0.00098, 1.00000, 0.00049, 0.00098, , llama_7b, , , , , , Geomean, , , , , 
, ant, giant, awq, ant, giant, awq, 
Static, 0.36230, 0.00018, 0.00035, 0.36230, 0.00018, 0.00035, 
Dram, 0.18786, 0.00004, 0.00016, 0.55016, 0.00022, 0.00051, 
Buffer, 0.21779, 0.00008, 0.00014, 0.76794, 0.00030, 0.00065, 
Core, 0.23206, 0.00018, 0.00070, 1.00000, 0.00047, 0.00136, 
, llama_7b, , , , , , Geomean, , , , , 
, ant, giant, awq, ant, giant, awq, 
Time, 1.00000, 0.00049, 0.00100, 1.00000, 0.00049, 0.00100, , llama_7b, , , , , , Geomean, , , , , 
, ant, giant, awq, ant, giant, awq, 
Static, 0.36230, 0.00018, 0.00036, 0.36230, 0.00018, 0.00036, 
Dram, 0.18786, 0.00004, 0.00003, 0.55016, 0.00022, 0.00039, 
Buffer, 0.21779, 0.00008, 0.00013, 0.76794, 0.00030, 0.00052, 
Core, 0.23206, 0.00018, 0.00070, 1.00000, 0.00047, 0.00123, 
, llama_7b, , , , , , Geomean, , , , , 
, ant, giant, awq, ant, giant, awq, 
Time, 1.00000, 0.00100, 0.00100, 1.00000, 0.00100, 0.00100, , llama_7b, , , , , , Geomean, , , , , 
, ant, giant, awq, ant, giant, awq, 
Static, 0.36230, 0.00036, 0.00036, 0.36230, 0.00036, 0.00036, 
Dram, 0.18786, 0.00003, 0.00003, 0.55016, 0.00039, 0.00039, 
Buffer, 0.21779, 0.00008, 0.00013, 0.76794, 0.00047, 0.00052, 
Core, 0.23206, 0.00019, 0.00070, 1.00000, 0.00066, 0.00123, 
, llama_7b, , , , , , Geomean, , , , , 
, ant, giant, awq, ant, giant, awq, 
Time, 1.00000, 0.00100, 0.00100, 1.00000, 0.00100, 0.00100, , llama_7b, , , , , , Geomean, , , , , 
, ant, giant, awq, ant, giant, awq, 
Static, 0.36230, 0.00036, 0.00036, 0.36230, 0.00036, 0.00036, 
Dram, 0.18786, 0.00003, 0.00003, 0.55016, 0.00039, 0.00039, 
Buffer, 0.21779, 0.00008, 0.00013, 0.76794, 0.00047, 0.00052, 
Core, 0.23206, 0.00009, 0.00070, 1.00000, 0.00056, 0.00123, 
, llama_7b, , , , , , Geomean, , , , , 
, ant, giant, awq, ant, giant, awq, 
Time, 1.00000, 0.00100, 0.00196, 1.00000, 0.00100, 0.00196, , llama_7b, , , , , , Geomean, , , , , 
, ant, giant, awq, ant, giant, awq, 
Static, 0.36230, 0.00036, 0.00071, 0.36230, 0.00036, 0.00071, 
Dram, 0.18786, 0.00003, 0.00003, 0.55016, 0.00039, 0.00074, 
Buffer, 0.21779, 0.00008, 0.00013, 0.76794, 0.00047, 0.00088, 
Core, 0.23206, 0.00019, 0.00035, 1.00000, 0.00066, 0.00123, 
, llama_7b, , , , , , Geomean, , , , , 
, ant, giant, awq, ant, giant, awq, 
Time, 1.00000, 0.00100, 0.00100, 1.00000, 0.00100, 0.00100, , llama_7b, , , , , , Geomean, , , , , 
, ant, giant, awq, ant, giant, awq, 
Static, 0.36230, 0.00036, 0.00036, 0.36230, 0.00036, 0.00036, 
Dram, 0.18786, 0.00003, 0.00003, 0.55016, 0.00039, 0.00039, 
Buffer, 0.21779, 0.00008, 0.00013, 0.76794, 0.00047, 0.00052, 
Core, 0.23206, 0.00019, 0.00070, 1.00000, 0.00066, 0.00123, 
, llama_7b, , , , , , Geomean, , , , , 
, ant, giant, awq, ant, giant, awq, 
Time, 1.00000, 0.00100, 0.00394, 1.00000, 0.00100, 0.00394, , llama_7b, , , , , , Geomean, , , , , 
, ant, giant, awq, ant, giant, awq, 
Static, 0.36230, 0.00036, 0.00143, 0.36230, 0.00036, 0.00143, 
Dram, 0.18786, 0.00003, 0.00012, 0.55016, 0.00039, 0.00155, 
Buffer, 0.21779, 0.00008, 0.00021, 0.76794, 0.00047, 0.00176, 
Core, 0.23206, 0.00019, 0.00076, 1.00000, 0.00066, 0.00251, 
, llama_7b, , , , , , Geomean, , , , , 
, ant, giant, awq, ant, giant, awq, 
Time, 1.00000, 0.00100, 0.00394, 1.00000, 0.00100, 0.00394, , llama_7b, , , , , , Geomean, , , , , 
, ant, giant, awq, ant, giant, awq, 
Static, 0.36230, 0.00036, 0.00143, 0.36230, 0.00036, 0.00143, 
Dram, 0.18786, 0.00003, 0.00012, 0.55016, 0.00039, 0.00155, 
Buffer, 0.21779, 0.00008, 0.00021, 0.76794, 0.00047, 0.00176, 
Core, 0.23206, 0.00019, 0.00076, 1.00000, 0.00066, 0.00251, 
, llama_7b, , , , , , Geomean, , , , , 
, ant, giant, awq, ant, giant, awq, 
Time, 1.00000, 0.00100, 0.00100, 1.00000, 0.00100, 0.00100, , llama_7b, , , , , , Geomean, , , , , 
, ant, giant, awq, ant, giant, awq, 
Static, 0.36230, 0.00036, 0.00036, 0.36230, 0.00036, 0.00036, 
Dram, 0.18786, 0.00003, 0.00003, 0.55016, 0.00039, 0.00039, 
Buffer, 0.21779, 0.00008, 0.00013, 0.76794, 0.00047, 0.00052, 
Core, 0.23206, 0.00019, 0.00070, 1.00000, 0.00066, 0.00123, 
, llama_7b, , , , , , Geomean, , , , , 
, ant, giant, awq, ant, giant, awq, 
Time, 1.00000, 0.00049, 0.00098, 1.00000, 0.00049, 0.00098, , llama_7b, , , , , , Geomean, , , , , 
, ant, giant, awq, ant, giant, awq, 
Static, 0.36230, 0.00018, 0.00035, 0.36230, 0.00018, 0.00035, 
Dram, 0.18786, 0.00004, 0.00016, 0.55016, 0.00022, 0.00051, 
Buffer, 0.21779, 0.00008, 0.00014, 0.76794, 0.00030, 0.00065, 
Core, 0.23206, 0.00018, 0.00070, 1.00000, 0.00047, 0.00136, 
, llama_7b, , , , , , Geomean, , , , , 
, ant, giant, awq, ant, giant, awq, 
Time, 1.00000, 0.00049, 0.00098, 1.00000, 0.00049, 0.00098, , llama_7b, , , , , , Geomean, , , , , 
, ant, giant, awq, ant, giant, awq, 
Static, 0.36230, 0.00018, 0.00035, 0.36230, 0.00018, 0.00035, 
Dram, 0.18786, 0.00025, 0.00010, 0.55016, 0.00042, 0.00046, 
Buffer, 0.21779, 0.00010, 0.00014, 0.76794, 0.00052, 0.00060, 
Core, 0.23206, 0.00018, 0.00070, 1.00000, 0.00070, 0.00130, 
, llama_7b, , , , , , Geomean, , , , , 
, ant, giant, awq, ant, giant, awq, 
Time, 1.00000, 0.00049, 0.00098, 1.00000, 0.00049, 0.00098, , llama_7b, , , , , , Geomean, , , , , 
, ant, giant, awq, ant, giant, awq, 
Static, 0.36230, 0.00018, 0.00035, 0.36230, 0.00018, 0.00035, 
Dram, 0.18786, 0.00004, 0.00016, 0.55016, 0.00022, 0.00051, 
Buffer, 0.21779, 0.00008, 0.00014, 0.76794, 0.00030, 0.00065, 
Core, 0.23206, 0.00018, 0.00070, 1.00000, 0.00047, 0.00136, 
, llama_7b, , , , , , Geomean, , , , , 
, ant, giant, awq, ant, giant, awq, 
Time, 1.00000, 0.00100, 0.00100, 1.00000, 0.00100, 0.00100, , llama_7b, , , , , , Geomean, , , , , 
, ant, giant, awq, ant, giant, awq, 
Static, 0.36230, 0.00036, 0.00036, 0.36230, 0.00036, 0.00036, 
Dram, 0.18786, 0.00003, 0.00003, 0.55016, 0.00039, 0.00039, 
Buffer, 0.21779, 0.00008, 0.00013, 0.76794, 0.00047, 0.00052, 
Core, 0.23206, 0.00019, 0.00070, 1.00000, 0.00066, 0.00123, 
, llama_7b, , , , , , Geomean, , , , , 
, ant, giant, awq, ant, giant, awq, 
Time, 1.00000, 0.00100, 0.00100, 1.00000, 0.00100, 0.00100, , llama_7b, , , , , , Geomean, , , , , 
, ant, giant, awq, ant, giant, awq, 
Static, 0.36230, 0.00036, 0.00036, 0.36230, 0.00036, 0.00036, 
Dram, 0.18786, 0.00003, 0.00003, 0.55016, 0.00039, 0.00039, 
Buffer, 0.21779, 0.00008, 0.00013, 0.76794, 0.00047, 0.00052, 
Core, 0.23206, 0.00009, 0.00070, 1.00000, 0.00056, 0.00123, 
, llama_7b, , , , , , Geomean, , , , , 
, ant, giant, awq, ant, giant, awq, 
Time, 1.00000, 0.00100, 0.00196, 1.00000, 0.00100, 0.00196, , llama_7b, , , , , , Geomean, , , , , 
, ant, giant, awq, ant, giant, awq, 
Static, 0.36230, 0.00036, 0.00071, 0.36230, 0.00036, 0.00071, 
Dram, 0.18786, 0.00003, 0.00003, 0.55016, 0.00039, 0.00074, 
Buffer, 0.21779, 0.00008, 0.00013, 0.76794, 0.00047, 0.00088, 
Core, 0.23206, 0.00019, 0.00035, 1.00000, 0.00066, 0.00123, 
, llama_7b, , , , , , Geomean, , , , , 
, ant, giant, awq, ant, giant, awq, 
Time, 1.00000, 0.01564, 0.03126, 1.00000, 0.01564, 0.03126, , llama_7b, , , , , , Geomean, , , , , 
, ant, giant, awq, ant, giant, awq, 
Static, 0.39774, 0.00622, 0.01243, 0.39774, 0.00622, 0.01243, 
Dram, 0.10759, 0.00052, 0.00052, 0.50533, 0.00674, 0.01295, 
Buffer, 0.23992, 0.00012, 0.00018, 0.74525, 0.00686, 0.01313, 
Core, 0.25475, 0.00336, 0.00617, 1.00000, 0.01021, 0.01930, 
, llama_7b, , , , , , Geomean, , , , , 
, ant, giant, awq, ant, giant, awq, 
Time, 1.00000, 0.12515, 0.12519, 1.00000, 0.12515, 0.12519, , llama_7b, , , , , , Geomean, , , , , 
, ant, giant, awq, ant, giant, awq, 
Static, 0.39774, 0.04978, 0.04979, 0.39774, 0.04978, 0.04979, 
Dram, 0.10759, 0.00052, 0.00052, 0.50533, 0.05029, 0.05031, 
Buffer, 0.23992, 0.00012, 0.00017, 0.74525, 0.05041, 0.05048, 
Core, 0.25475, 0.00702, 0.00664, 1.00000, 0.05743, 0.05713, 
, llama_7b, , , , , , Geomean, , , , , 
, ant, giant, awq, ant, giant, awq, 
Time, 1.00000, 0.01564, 0.03126, 1.00000, 0.01564, 0.03126, , llama_7b, , , , , , Geomean, , , , , 
, ant, giant, awq, ant, giant, awq, 
Static, 0.39774, 0.00622, 0.01243, 0.39774, 0.00622, 0.01243, 
Dram, 0.10759, 0.00052, 0.00052, 0.50533, 0.00674, 0.01295, 
Buffer, 0.23992, 0.00012, 0.00018, 0.74525, 0.00686, 0.01313, 
Core, 0.25475, 0.00336, 0.00617, 1.00000, 0.01021, 0.01930, 
, llama_7b, , , , , , Geomean, , , , , 
, ant, giant, awq, ant, giant, awq, 
Time, 1.00000, 0.50016, 1.00001, 1.00000, 0.50016, 1.00001, , llama_7b, , , , , , Geomean, , , , , 
, ant, giant, awq, ant, giant, awq, 
Static, 0.39774, 0.19893, 0.39774, 0.39774, 0.19893, 0.39774, 
Dram, 0.10759, 0.01415, 0.02587, 0.50533, 0.21308, 0.42361, 
Buffer, 0.23992, 0.17337, 0.29520, 0.74525, 0.38646, 0.71881, 
Core, 0.25475, 0.19821, 0.79009, 1.00000, 0.58467, 1.50890, 
